33439432,Substack (YC W18) is hiring data analysts,https://boards.greenhouse.io/substack/jobs/4006118005?gh_src=hn
33432159,"PhotoRoom Is Hiring a Senior Backend Engineer (Django, 200GB+ PSQL DB) in Paris",https://jobs.lever.co/photoroom/01f5cb22-695a-402a-a970-818a6c2d47a9?lever-origin=applied&lever-source%5B%5D=Hacker%20News
33423941,EasyPost (YC S13) Is Hiring,https://www.easypost.com/careers
33420039,Meticulous (YC S21) Is Hiring #3 Founding Engineer in London,
33413051,Flexport (YC W14) Is Hiring Software Engineers,https://flexport.com/careers
33404596,BuildZoom (YC W13) is hiring a growth associate,https://jobs.lever.co/buildzoom
33398632,Charge Robotics (YC S21) is hiring meches to build robots that build solar farms,https://www.ycombinator.com/companies/charge-robotics/jobs/VFEVUkD-mechanical-engineer
33396197,OneSignal (YC S11) Is Hiring a Data Analytics Lead,https://onesignal.com/careers/bf5f67d4-f4be-44a9-9677-2bbb5686009b
33393664,"Tesorio Is Hiring a PM, Senior FE Engineer and Support Engineer",https://www.tesorio.com/careers#job-openings
33387899,Promoted.ai (YC W21) is hiring a staff data engineer with Flink experience,https://www.ycombinator.com/companies/promoted/jobs/wc5X1S4-staff-data-engineer-flink
33385859,Patterns (YC S21) is hiring to build a developer platform for data apps,https://www.patterns.app/
33383286,"Svix, the Enterprise Ready Webhook Service (YC W21) Is Hiring (Remote)",https://www.svix.com/careers/
33368460,Deepnote (YC S19) is hiring to build a better data science notebook (Europe),https://deepnote.com/join-us
33363971,Jitx (YC S18) is hiring an application engineer to code PCBs,https://jobs.lever.co/jitxinc/3d62a65c-92c7-4996-82e3-0ff64e258d6b
33360572,Pachyderm (YC W15) is hiring sales engineers and solutions architects,https://www.pachyderm.com/careers/#positions
33356744,QuestDB (YC S20) Is Hiring a Core Database Engineer (Low Latency Java and C++),https://questdb.io/careers/core-database-engineer/
33354199,Generally Intelligent (YC S17) Is Hiring Senior Software Engineers,
33346981,Ivy (YC W23) are hiring engineers to help unify ML,https://www.ycombinator.com/companies/ivy/jobs
33342580,Enso (YC S21) Is Hiring a Libraries Developer,https://www.ycombinator.com/companies/enso/jobs/9jKZoEM-senior-library-developer
33327145,Stacker (YC S20) B2B No-Code Platform Is Hiring Product Engineers,https://apply.workable.com/stackerhq/j/B4A997C78C/
33308403,Motion (YC W20) is hiring full-stack engineers and data scientists,https://jobs.ashbyhq.com/motion?utm_source=hn
33306295,"Skio (YC S20) is hiring – subscriptions for Shopify, easy ReCharge migrations",https://skio.com/careers
33292990,Fractional (YC W21) Is Hiring an iOS Lead,https://www.ycombinator.com/companies/fractional/jobs/CAbyds4-ios-lead
33290355,Replit (YC W18) is hiring engineers to make programming more accessible,https://replit.com/careers
33287084,PolicyFly (YC W22) Is Hiring a Senior Front End Engineer (Remote),https://www.ycombinator.com/companies/policyfly/jobs/nWWR9aU-senior-frontend-engineer-core
33282883,Hightouch (YC S19) Is Hiring an Engineering Manager,https://boards.greenhouse.io/hightouch/jobs/4580317004
33280627,Release (YC W20) Is Hiring – Senior Cloud Infrastructure Engineer,https://www.ycombinator.com/companies/release/jobs/DQlAy09AD-senior-software-engineer-cloud-infrastructure
33277540,Evidence (YC S21) is hiring engineers to build a web framework for data teams,https://www.ycombinator.com/companies/evidence/jobs/WX5oOOz-full-stack-engineer
33273347,Senior Solidity Developer at Jasmine Energy (YC S22),https://www.ycombinator.com/companies/jasmine/jobs/AZ807Dr-senior-solidity-developer-at-jasmine-energy-yc-s22
33272117,Demodesk is hiring a product engineer in EU time zones,https://demodesk.com/careers
33262760,Community Phone Is Hiring Engineers to Make VoIP Simple and Reliable,https://www.ycombinator.com/companies/community-phone-company/jobs/ENwCu0g-senior-backend-engineer
33253884,Bottomless (YC W19) is hiring a lead designer (anywhere),https://forms.gle/PEbQ7cXAfFc7bpXs9
33250508,"Firezone (YC W22) is hiring a founding engineer (Elixir, Rust)",https://www.ycombinator.com/companies/firezone/jobs/y97q8A0-founding-engineer
33206116,Ciro (YC S22) is hiring founding engineers to build an SMB search engine,https://www.ycombinator.com/companies/ciro/jobs
33189801,Finley (YC W21) is fintech software hiring across all teams (US Remote),https://www.finleycms.com/careers/
33179800,DevCycle (YC W14) – Feature Flags w/ a built-in Edge Database – Is Hiring Devs,https://devcycle.com/company/careers
33175691,Ribbon Health (YC S17) engineers improve the status quo of healthcare,https://www.ribbonhealth.com/blog/is-health-tech-the-next-big-industry-for-senior-software-engineer-opportunities/
33166928,MutableAI (YC W22) Is Hiring a Founding Engineer to Build an AI First Dev Platform,https://www.ycombinator.com/companies/mutableai/jobs/qnjnCR3-founding-full-stack-software-engineer
33162296,Reflect (YC S20) is hiring a software engineer,https://www.ycombinator.com/companies/reflect/jobs/Bdo0cAY-software-engineer
33153816,ReadMe (YC W15) is hiring a product manager who loves APIs,https://readme.com/careers#product-lead
33133952,Craniometrix (YC W22) Is Hiring,https://www.ycombinator.com/companies/craniometrix/jobs/rBiXA3r-founding-full-stack-eng
33130402,Ashby (YC W19) Is Hiring Engineers to Take Ideas from Research to Implementation,https://www.ashbyhq.com/careers?utm_source=hn
33123988,UPchieve (YC W21) is hiring a tech lead and senior engineers,https://upchieve.welcomekit.co/
33050075,Padlet (YC W13) Is Hiring in SF to Build Software for a Good Education,https://padlet.jobs
33045947,"The Muse (YC W12) Is Hiring a Finance, Ops and M&A Associate",https://www.themuse.com/jobs/themuse/finance-and-operations-associate
33040728,"AirMyne (YC W22) is hiring a chemical engineer in Berkeley, CA",https://www.ycombinator.com/companies/airmyne/jobs/4F7mJr4-chemical-engineer
33031858,Iollo (YC S22) is hiring a founding full-stack engineer,https://www.ycombinator.com/companies/iollo/jobs/ql9YHtG-full-stack-engineer
33013193,Smarking (YC W15) is hiring a product lead to digitize the parking industry,https://jobs.lever.co/smarking/3e6e8c04-8aaa-48f5-86e5-70386f857c55
33010297,Metriport (YC S22) Is Hiring,https://www.ycombinator.com/companies/metriport/jobs/2kddvih-founding-software-engineer
32998016,Porter (YC S20) Is Hiring,https://www.workatastartup.com/companies/porter
32995076,"AiSupervision (YC W22) is hiring an intern (remote, start)",https://www.aisupervision.com/careers/intern
32964485,SafeBeat Rx (YC S21) Is Hiring,https://www.ycombinator.com/companies/safebeat-rx/jobs/1w9mM9v-research-scientist-post-doctoral-position
32944570,New Story (YC S15) Is Hiring a Controller,https://newstorycharity.org/careers/
32938880,"Wasp (YC W21) is hiring eng to work on DSL for making web apps (compiler, webdev)",
32919779,Etleap (YC W13) Is Hiring Software Engineer – London,https://etleap.com/careers/software-engineer/
32862998,Diversion (YC S22) Is Hiring,https://www.ycombinator.com/companies/diversion/jobs
32858405,TaxProper (YC S19) Is Hiring Engineers and Operations,
32834105,Tab (YC W15) Is Hiring a Full Stack Developer in London,https://tab.recruitee.com/o/full-stack-developer-3
32830123,Contentedge (YC W17) is hiring to build AI content writing software for SEO,https://www.contentedge.com/?pg=jobs
32784845,Olark (YC W09) Is Hiring an Account Executive who cares about accessibility,https://olark.hire.trakstar.com/jobs/fk02daq?source=hn
